AAPL_Q4_2015,102.610001,96.470001
AAPL_Q3_2015,109.07,120.800003
AAPL_Q2_2015,126.900002,122.599998
AAPL_Q1_2015,124.82,128.639999
AAPL_Q4_2014,111.389999,118.050003
AAPL_Q3_2014,100.589996,108.010002
AAPL_Q2_2014,93.519997,97.160004
AAPL_Q1_2014,537.760025,592.639999
AAPL_Q4_2013,555.680008,495.179985
AAPL_Q3_2013,478.449989,525.00
AAPL_Q2_2013,402.689991,454.990013
AAPL_Q1_2013,441.899994,435.099998
AAPL_Q4_2012,553.819992,456.980019
AAPL_Q3_2012,671.159981,594.879997
AAPL_Q2_2012,584.730019,603.229988
AAPL_Q4_2011,409.399998,455.589973
AAPL_Q4_2011,409.399998,455.589973
AAPL_Q4_2011,409.399998,455.589973
AAPL_Q2_2012,584.730019,603.229988
AAPL_Q4_2011,409.399998,455.589973
AAPL_Q4_2011,409.399998,455.589973
AAPL_Q4_2011,409.399998,455.589973
AAPL_Q2_2012,584.730019,603.229988
AAPL_Q4_2011,409.399998,455.589973
AAPL_Q4_2011,409.399998,455.589973
AAPL_Q4_2011,409.399998,455.589973
AAPL_Q1_2012,601.830009,597.800011
AAPL_Q4_2011,409.399998,455.589973
AAPL_Q3_2011,380.369987,402.419998
AAPL_Q4_2011,409.399998,455.589973
AAPL_Q4_2011,409.399998,455.589973
AAPL_Q1_2011,351.110012,349.739994
AAPL_Q1_2011,351.110012,349.739994
AAPL_Q2_2011,335.950012,397.779999
AAPL_Q1_2011,351.110012,349.739994
AAPL_Q1_2011,351.110012,349.739994
AAPL_Q1_2011,351.110012,349.739994
AAPL_Q1_2011,351.110012,349.739994
AAPL_Q1_2011,351.110012,349.739994
AAPL_Q1_2011,351.110012,349.739994
AAPL_Q1_2011,351.110012,349.739994
AAPL_Q1_2011,351.110012,349.739994
AAPL_Q1_2011,351.110012,349.739994
AAPL_Q1_2011,351.110012,349.739994
AAPL_Q1_2011,351.110012,349.739994
AAPL_Q1_2011,351.110012,349.739994
AAPL_Q2_2011,335.950012,397.779999
AAPL_Q1_2011,351.110012,349.739994
AAPL_Q4_2010,325.640003,335.799995
AAPL_Q3_2010,286.149994,302.220001
AAPL_Q1_2010,237.41,269.310009
AAPL_Q4_2009,213.429998,192.369997
AAPL_Q3_2009,185.349997,189.800005
AAPL_Q2_2009,143.50,162.990005
AAPL_Q1_2009,104.089999,126.220005
AAPL_Q4_2008,85.880003,89.100003
AAPL_Q3_2008,111.919998,107.400002
AAPL_Q2_2008,164.229994,157.540001
AAPL_Q4_2007,199.269995,129.449999
AAPL_Q2_2007,121.049994,142.970001
AAPL_Q3_2006,75.100003,81.450002
AAPL_Q2_2006,57.520001,66.830001
AAPL_Q1_2006,63.670002,70.769998
AAPL_Q4_2005,72.380001,75.499999
AAPL_Q3_2005,54.160001,55.199998
AAPL_Q2_2005,36.829998,42.57
AAPL_Q1_2005,42.089999,36.210001
AAPL_Q4_2004,64.780001,74.579998
AAPL_Q3_2004,39.120001,52.50
AAPL_Q2_2004,32.10,31.179999
AAPL_Q1_2004,26.89,26.710001
AAPL_Q4_2003,21.549999,22.46
AAPL_Q3_2003,20.71,23.299999
AAPL_Q2_2003,18.87,20.740001
AAPL_Q1_2003,14.20,13.93
AAPL_Q4_2002,14.36,14.189999
AAPL_Q3_2002,14.59,15.99
AAPL_Q3_2002,14.59,15.99
AAPL_Q2_2002,17.71,15.40
AAPL_Q2_2002,17.71,15.40
AAPL_Q1_2002,23.379999,23.889999
AMZN_Q4_2015,656.289978,578.150024
AMZN_Q3_2015,511.00,627.130005
AMZN_Q2_2015,439.350006,539.090027
AMZN_Q1_2015,372.100006,427.109985
AMZN_Q4_2014,312.579987,350.049988
AMZN_Q3_2014,322.040009,305.149994
AMZN_Q2_2014,325.859985,320.01001
AMZN_Q1_2014,338.089996,298.100006
AMZN_Q4_2013,398.799988,371.76001
AMZN_Q3_2013,314.220001,361.730011
AMZN_Q2_2013,279.00,303.910004
AMZN_Q1_2013,266.980011,249.369995
AMZN_Q4_2012,256.079987,271.040009
AMZN_Q3_2012,255.399994,236.320007
AMZN_Q2_2012,229.300003,235.100006
AMZN_Q1_2012,198.020004,223.949997
AMZN_Q4_2011,175.889999,194.00
AMZN_Q3_2011,217.009995,215.789993
AMZN_Q2_2011,205.550003,225.00
AMZN_Q1_2011,181.580002,196.570007
AMZN_Q4_2010,181.369995,170.160004
AMZN_Q2_2010,108.900002,119.150002
AMZN_Q1_2010,135.800003,141.399994
AMZN_Q2_2009,84.419998,85.760002
AMZN_Q1_2009,73.019997,80.93
AMZN_Q4_2008,51.349998,58.57
AMZN_Q3_2008,71.779999,56.009998
AMZN_Q2_2008,72.239998,76.75
AMZN_Q1_2008,72.989998,80.900002
AMZN_Q4_2007,95.349998,68.910004
AMZN_Q3_2007,93.419998,88.050003
AMZN_Q2_2007,68.809998,83.699997
AMZN_Q1_2007,39.849998,61.91
AMZN_Q4_2006,38.68,36.950001
AMZN_Q3_2006,31.98,38.220001
AMZN_Q2_2006,38.52,27.02
AMZN_Q1_2006,36.669998,35.189999
AMZN_Q4_2005,47.470001,44.759998
AMZN_Q3_2005,45.330002,39.349998
AMZN_Q2_2005,33.240002,44.880001
AMZN_Q1_2005,34.630001,32.299999
AMZN_Q4_2004,44.950001,42.439999
AMZN_Q3_2004,41.290001,34.220001
AMZN_Q2_2004,53.799999,38.450001
AMZN_Q1_2004,43.450001,46.060001
AMZN_Q4_2003,52.759998,50.650002
AMZN_Q3_2003,48.369999,55.900002
AMZN_Q2_2003,36.330002,41.349998
AMZN_Q1_2003,25.549999,28.60
AMZN_Q4_2002,19.190001,21.639999
AMZN_Q3_2002,16.23,19.030001
AMZN_Q2_2002,16.17,14.45
AMZN_Q2_2002,16.17,14.45
BAC_Q4_2015,16.450001,14.05
BAC_Q3_2015,15.52,16.90
BAC_Q2_2015,17.25,18.030001
BAC_Q1_2015,15.42,16.00
BAC_Q4_2014,17.99,15.27
BAC_Q3_2014,17.07,17.17
BAC_Q2_2014,15.38,15.44
BAC_Q1_2014,17.280001,15.26
BAC_Q4_2013,15.69,16.719999
BAC_Q3_2013,13.85,14.14
BAC_Q2_2013,12.95,14.58
BAC_Q1_2013,12.15,12.39
BAC_Q4_2012,12.05,11.32
BAC_Q3_2012,8.87,9.20
BAC_Q2_2012,8.20,7.28
BAC_Q1_2012,9.54,8.22
BAC_Q4_2011,5.75,7.17
BAC_Q3_2011,6.08,7.09
BAC_Q2_2011,10.98,10.04
BAC_Q1_2011,13.45,12.36
BAC_Q4_2010,13.85,13.71
BAC_Q3_2010,13.22,11.50
BAC_Q2_2010,14.32,14.38
BAC_Q1_2010,18.02,18.280001
BAC_Q4_2009,15.24,15.26
BAC_Q3_2009,16.959999,14.85
BAC_Q2_2009,13.27,14.10
BAC_Q1_2009,6.45,9.12
BAC_Q4_2008,13.92,6.20
BAC_Q3_2008,34.57,22.35
BAC_Q2_2008,23.309999,32.73
BAC_Q1_2008,39.259998,38.009998
BAC_Q4_2007,41.529999,41.779999
BAC_Q3_2007,50.040001,48.299999
BAC_Q2_2007,49.150002,48.009998
BAC_Q1_2007,51.200001,50.93
BAC_Q4_2006,53.400002,52.00
BAC_Q3_2006,53.529999,54.130001
BAC_Q2_2006,48.189999,51.639999
BAC_Q1_2006,45.849998,49.84
BAC_Q4_2005,46.919998,44.650002
BAC_Q3_2005,42.470001,44.00
BAC_Q2_2005,45.610001,43.77
BAC_Q1_2005,44.419998,44.830002
BAC_Q4_2004,46.66,45.950001
BAC_Q3_2004,43.529999,44.919998
BAC_Q2_2004,84.629997,84.800003
BAC_Q1_2004,81.449997,80.68
BAC_Q4_2003,79.75,81.459999
BAC_Q3_2003,78.449997,75.349998
BAC_Q2_2003,78.900002,83.400002
BAC_Q1_2003,67.449997,73.629997
BAC_Q4_2002,69.910004,68.709999
BAC_Q3_2002,63.810001,70.650002
BAC_Q2_2002,70.360001,64.599998
BAC_Q2_2002,70.360001,64.599998
BAC_Q1_2002,67.050003,71.25
BAC_Q1_2002,67.050003,71.25
BAC_Q4_2001,62.310001,62.080002
CVX_Q4_2015,89.529999,85.150002
CVX_Q3_2015,79.720001,90.610001
CVX_Q2_2015,96.300003,91.519997
CVX_Q1_2015,105.769997,112.040001
CVX_Q4_2014,111.629997,103.980003
CVX_Q3_2014,118.800003,118.349998
CVX_Q2_2014,130.940002,131.729996
CVX_Q1_2014,119.150002,125.760002
CVX_Q4_2013,124.459999,113.900002
CVX_Q3_2013,121.269997,120.150002
CVX_Q2_2013,118.349998,126.019997
CVX_Q1_2013,118.989998,121.050003
CVX_Q4_2012,110.269997,116.220001
CVX_Q3_2012,116.919998,111.93
CVX_Q2_2012,105.589996,109.550003
CVX_Q1_2012,106.849998,106.160004
CVX_Q4_2011,108.739998,104.610001
CVX_Q3_2011,91.93,107.720001
CVX_Q2_2011,102.709999,106.080002
CVX_Q1_2011,108.290001,109.480003
CVX_Q4_2010,91.660004,93.849998
CVX_Q2_2010,68.190002,77.620003
CVX_Q1_2010,76.400002,82.370003
CVX_Q2_2009,66.93,67.150002
CVX_Q4_2008,74.230003,69.519997
CVX_Q3_2008,81.510002,73.860001
CVX_Q2_2008,98.260002,86.160004
CVX_Q1_2008,85.080002,95.059998
CVX_Q4_2007,93.959999,82.099998
CVX_Q3_2007,93.300003,90.400002
CVX_Q4_2006,72.769997,72.989998
CVX_Q3_2006,64.900002,66.099998
CVX_Q2_2006,62.27,65.699997
CVX_Q1_2006,58.349998,61.619999
GE_Q4_2015,30.549999,29.01
GE_Q3_2015,25.15,28.940001
GE_Q2_2015,26.67,26.23
GE_Q1_2015,24.719999,27.059999
GE_Q4_2014,25.34,24.00
GE_Q3_2014,25.43,25.860001
GE_Q2_2014,26.27,25.530001
GE_Q1_2014,25.83,26.799999
GE_Q4_2013,27.860001,25.209999
GE_Q3_2013,23.940001,26.35
GE_Q2_2013,23.209999,24.57
GE_Q1_2013,23.030001,22.290001
GE_Q4_2012,21.51,22.209999
GE_Q3_2012,22.73,21.26
GE_Q2_2012,20.74,20.75
GE_Q1_2012,20.030001,19.68
GE_Q4_2011,18.23,18.98
GE_Q3_2011,15.10,16.98
GE_Q2_2011,18.860001,18.389999
GE_Q1_2011,20.139999,20.700001
GE_Q4_2010,18.49,20.129999
GE_Q3_2010,16.40,16.09
GE_Q2_2010,14.33,16.32
GE_Q1_2010,18.27,19.459999
GE_Q4_2009,15.22,16.200001
GE_Q3_2009,16.309999,14.30
GE_Q2_2009,11.76,13.24
GE_Q1_2009,9.91,12.53
GE_Q4_2008,16.51,12.03
GE_Q1_2006,34.790001,34.639999
GE_Q4_2005,35.099998,32.900002
GE_Q4_2004,36.709999,35.950001
GE_Q3_2004,33.700001,34.099998
GE_Q2_2004,32.400002,32.650002
GE_Q1_2004,30.42,30.120001
GE_Q1_2003,25.549999,29.280001
GE_Q4_2002,24.65,22.50
GE_Q3_2002,24.75,25.200001
GE_Q2_2002,29.059999,31.60
GE_Q1_2002,37.049999,30.799999
GOOGL_Q4_2015,762.200012,771.26001
GOOGL_Q3_2015,637.940002,734.530029
GOOGL_Q2_2015,543.659973,664.700012
GOOGL_Q1_2015,554.830017,558.559998
GOOGL_Q4_2014,532.599976,534.320007
GOOGL_Q3_2014,586.799988,568.299988
GOOGL_Q1_2014,1120.269981,535.119995
GOOGL_Q4_2013,1115.459976,1171.350076
GOOGL_Q3_2013,880.249984,1028.930014
GOOGL_Q2_2013,886.450015,892.990039
GOOGL_Q1_2013,795.009991,819.000015
GOOGL_Q4_2012,719.420006,750.51004
GOOGL_Q3_2012,759.050014,679.859996
GOOGL_Q2_2012,581.82001,628.260035
GOOGL_Q1_2012,640.770035,612.989981
GOOGL_Q4_2011,652.939982,582.999981
GOOGL_Q3_2011,509.849998,595.089991
GOOGL_Q2_2011,506.740013,611.220024
GOOGL_Q1_2011,588.760023,545.699977
GOOGL_Q4_2010,596.480018,603.600027
GOOGL_Q3_2010,529.999994,615.730036
GOOGL_Q2_2010,445.290018,488.990019
GOOGL_Q1_2010,571.350021,531.130027
GOOGL_Q4_2009,626.950006,534.600004
GOOGL_Q4_2009,626.950006,534.600004
GOOGL_Q3_2009,493.000013,537.080004
GOOGL_Q3_2009,493.000013,537.080004
GOOGL_Q2_2009,424.200015,449.979995
GOOGL_Q2_2009,424.200015,449.979995
GOOGL_Q1_2009,343.779995,395.760007
GOOGL_Q1_2009,343.779995,395.760007
GOOGL_Q4_2008,308.60,334.290013
GOOGL_Q3_2008,411.149998,356.159998
GOOGL_Q2_2008,519.580004,474.560005
GOOGL_Q1_2008,447.740019,562.210001
GOOGL_Q4_2007,692.869983,539.010018
GOOGL_Q3_2007,569.969994,700.690036
GOOGL_Q2_2007,525.489982,520.229988
GOOGL_Q1_2007,457.760019,479.150015
GOOGL_Q4_2006,466.000001,496.490019
GOOGL_Q3_2006,401.90001,478.060011
GOOGL_Q2_2006,420.039994,388.000014
GOOGL_Q1_2006,389.530007,418.470002
GOOGL_Q4_2005,422.519995,430.570012
GOOGL_Q3_2005,313.629999,360.23999
GOOGL_Q2_2005,295.039996,288.120012
GOOGL_Q1_2005,181.760001,222.050008
GOOGL_Q4_2004,197.40,193.689999
GOOGL_Q3_2004,130.799994,193.550003
JNJ_Q4_2015,101.709999,103.610001
JNJ_Q3_2015,93.43,101.18
JNJ_Q2_2015,98.300003,100.339996
JNJ_Q1_2015,100.459999,100.07
JNJ_Q4_2014,105.050003,100.489998
JNJ_Q3_2014,105.980003,107.940002
JNJ_Q2_2014,105.150002,101.769997
JNJ_Q1_2014,98.309998,100.839996
JNJ_Q4_2013,91.139999,89.010002
JNJ_Q3_2013,86.589996,92.849998
JNJ_Q2_2013,85.720001,93.230003
JNJ_Q1_2013,81.389999,85.389999
JNJ_Q4_2012,71.019997,74.080002
JNJ_Q3_2012,68.919998,71.110001
JNJ_Q2_2012,67.419998,69.25
JNJ_Q1_2012,66.040001,64.849998
JNJ_Q4_2011,65.589996,65.860001
JNJ_Q3_2011,63.650002,65.169998
JNJ_Q2_2011,66.480003,65.279999
JNJ_Q1_2011,59.630001,65.919998
JNJ_Q4_2010,62.630001,60.16
JNJ_Q3_2010,62.09,63.880001
JNJ_Q2_2010,59.07,58.50
JNJ_Q1_2010,65.370003,65.129997
JNJ_Q4_2009,64.709999,63.259998
JNJ_Q3_2009,60.93,59.150002
JNJ_Q2_2009,56.82,61.830002
JNJ_Q1_2009,52.299999,51.470001
JNJ_Q4_2008,60.130001,57.25
JNJ_Q3_2008,69.07,60.84
JNJ_Q2_2008,63.75,67.800003
JNJ_Q1_2008,65.129997,67.449997
JNJ_Q4_2007,66.559998,61.860001
JNJ_Q3_2007,65.660004,64.830002
JNJ_Q2_2007,61.939999,61.349998
JNJ_Q1_2007,60.259998,64.00
JNJ_Q4_2006,66.129997,66.389999
JNJ_Q3_2006,65.00,67.800003
JNJ_Q1_2006,59.490002,58.709999
JNJ_Q4_2005,61.07,58.150002
JNJ_Q3_2005,63.18,62.91
JNJ_Q2_2005,64.82,64.25
JNJ_Q1_2005,67.32,68.68
JNJ_Q4_2004,63.349998,64.93
JNJ_Q3_2004,56.389999,58.349998
JNJ_Q1_2004,51.049999,54.029999
JNJ_Q4_2003,51.66,53.41
JNJ_Q3_2003,49.709999,49.599998
JNJ_Q2_2003,51.700001,51.599998
JNJ_Q1_2003,57.869999,56.34
JNJ_Q4_2002,54.25,52.099998
JNJ_Q3_2002,54.950001,57.34
JNJ_Q2_2002,51.700001,50.849998
JNJ_Q1_2002,64.199997,62.919998
JNJ_Q4_2001,58.900002,57.209999
JPM_Q4_2015,63.950001,59.16
JPM_Q3_2015,61.119999,64.449997
JPM_Q2_2015,68.120003,69.010002
JPM_Q1_2015,60.41,63.580002
JPM_Q4_2014,62.18,54.529999
JPM_Q3_2014,60.240002,60.119999
JPM_Q4_2005,39.830002,40.029999
JPM_Q2_2005,35.220001,35.32
JPM_Q1_2005,34.790001,35.580002
JPM_Q4_2004,39.48,37.279999
JPM_Q3_2004,39.900002,38.77
JPM_Q1_2004,41.950001,37.799999
JPM_Q4_2003,36.560001,39.099998
JPM_Q3_2003,34.700001,35.900002
JPM_Q2_2003,33.84,35.650002
JPM_Q1_2003,24.15,29.139999
JPM_Q4_2002,25.25,22.75
JPM_Q3_2002,19.15,21.049999
JPM_Q2_2002,33.59,24.799999
JPM_Q2_2002,33.59,24.799999
JPM_Q1_2002,35.650002,34.700001
JPM_Q1_2002,35.650002,34.700001
KO_Q2_2014,42.389999,39.529999
KO_Q1_2014,38.529999,40.689999
KO_Q4_2013,41.119999,37.950001
KO_Q3_2013,38.00,39.509998
KO_Q2_2013,40.50,40.41
KO_Q1_2013,40.389999,42.150002
KO_Q4_2012,36.990002,37.529999
KO_Q3_2012,38.16,37.16
KO_Q2_2012,78.099998,80.699997
KO_Q1_2012,73.830002,76.419998
KO_Q4_2011,70.150002,67.980003
KO_Q3_2010,59.040001,61.369999
KO_Q1_2010,55.360001,53.619999
KO_Q3_2009,53.400002,53.509998
KO_Q2_2009,48.48,49.639999
KO_Q1_2009,43.759998,43.130001
KO_Q4_2008,45.400002,42.209999
KO_Q2_2008,51.919998,51.50
KO_Q1_2008,61.009998,58.720001
KO_Q4_2007,61.450001,57.299999
KO_Q3_2007,57.610001,61.990002
KO_Q2_2007,52.650002,52.740002
KO_Q1_2007,48.200001,51.919998
KO_Q4_2006,48.360001,47.799999
KO_Q3_2006,44.900002,46.82
KO_Q2_2006,43.200001,44.52
KO_Q1_2006,42.099998,42.09
KO_Q1_2006,42.099998,42.09
KO_Q4_2005,40.790001,41.740002
KO_Q4_2005,40.790001,41.740002
KO_Q3_2005,43.209999,42.599998
KO_Q2_2005,41.959999,43.990002
KO_Q1_2005,41.830002,43.490002
KO_Q4_2004,41.900002,41.77
KO_Q2_2004,50.509998,43.790001
KO_Q1_2004,50.48,50.459999
KO_Q4_2003,50.799999,49.00
KO_Q3_2003,43.00,46.009998
KO_Q2_2003,46.25,45.470001
KO_Q1_2003,40.50,40.619999
KO_Q4_2002,44.150002,39.299999
KO_Q3_2002,48.400002,46.720001
KO_Q2_2002,56.25,48.150002
KO_Q1_2002,52.00,54.889999
KO_Q4_2001,46.799999,44.099998
MRK_Q4_2015,52.009998,50.389999
MRK_Q3_2015,49.349998,54.689999
MRK_Q2_2015,56.93,59.00
MRK_Q1_2015,57.259998,59.790001
MRK_Q4_2014,57.220001,60.50
MRK_Q3_2014,59.09,57.950001
MRK_Q2_2014,57.700001,57.759998
MRK_Q1_2014,56.650002,58.509998
MRK_Q4_2013,49.880001,53.310001
MRK_Q3_2013,48.919998,45.310001
MRK_Q2_2013,46.259998,48.50
MRK_Q1_2013,44.00,47.75
MRK_Q4_2012,41.860001,43.43
MRK_Q3_2012,44.970001,46.419998
MRK_Q2_2012,41.25,44.450001
MRK_Q1_2012,38.299999,38.639999
MRK_Q4_2011,37.880001,38.970001
MRK_Q3_2011,32.59,35.02
MRK_Q2_2011,35.169998,34.25
MRK_Q1_2011,33.049999,36.439999
MRK_Q4_2010,36.290001,33.290001
MRK_Q3_2010,36.759998,36.439999
MRK_Q2_2010,34.830002,34.860001
MRK_Q1_2010,37.639999,35.330002
MRK_Q4_2009,36.82,38.560001
MSFT_Q4_2015,54.32,54.880001
MSFT_Q3_2015,44.75,52.849998
MSFT_Q2_2015,44.459999,47.290001
MSFT_Q1_2015,40.599998,48.700001
MSFT_Q4_2014,46.66,40.59
MSFT_Q3_2014,46.27,46.939999
MSFT_Q2_2014,41.860001,43.380001
MSFT_Q1_2014,41.150002,40.400002
MSFT_Q4_2013,37.349998,36.950001
MSFT_Q3_2013,33.349998,35.66
MSFT_Q2_2013,34.75,31.969999
MSFT_Q1_2013,28.639999,32.560001
MSFT_Q4_2012,27.25,27.790001
MSFT_Q3_2012,29.809999,28.549999
MSFT_Q2_2012,30.620001,29.48
MSFT_Q1_2012,32.220001,31.98
MSFT_Q4_2011,26.549999,29.66
MSFT_Q3_2011,24.719999,26.76
MSFT_Q2_2011,25.93,27.51
MSFT_Q1_2011,25.530001,25.940001
MSFT_Q4_2010,28.049999,27.77
MSFT_Q3_2010,24.77,26.879999
MSFT_Q1_2010,29.35,31.07
MSFT_Q2_2009,24.049999,23.77
MSFT_Q1_2009,18.23,20.60
MSFT_Q4_2008,19.530001,17.030001
MSFT_Q3_2008,26.379999,22.530001
MSFT_Q2_2008,27.27,25.85
MSFT_Q1_2008,28.83,28.74
MSFT_Q4_2007,35.790001,31.91
MSFT_Q3_2007,29.459999,35.52
MSFT_Q2_2007,29.67,29.709999
MSFT_Q1_2007,27.889999,30.129999
MSFT_Q4_2006,29.91,30.41
MSFT_Q3_2006,27.32,28.66
MSFT_Q2_2006,23.530001,24.07
MSFT_Q1_2006,27.67,24.32
MSFT_Q4_2005,26.25,27.91
MSFT_Q3_2005,25.709999,25.610001
MSFT_Q2_2005,24.85,25.809999
MSFT_Q1_2005,24.24,25.23
MSFT_Q4_2004,26.799999,26.35
MSFT_Q3_2004,27.82,28.16
MSFT_Q2_2004,28.700001,28.27
MSFT_Q1_2004,24.950001,26.59
MSFT_Q4_2003,27.58,27.610001
MSFT_Q2_2003,25.59,26.60
MSFT_Q1_2003,24.459999,25.73
MSFT_Q4_2002,52.299999,47.450001
MSFT_Q3_2002,44.32,53.189999
MSFT_Q2_2002,54.119999,47.610001
PFE_Q4_2015,31.85,30.34
PFE_Q3_2015,31.299999,34.169998
PFE_Q2_2015,33.560001,35.91
PFE_Q1_2015,34.84,34.110001
PFE_Q4_2014,31.27,31.440001
PFE_Q3_2014,29.370001,30.01
PFE_Q2_2014,29.610001,29.26
PFE_Q1_2014,31.93,31.76
PFE_Q4_2013,30.469999,30.559999
PFE_Q3_2013,28.58,30.780001
PFE_Q2_2013,27.969999,29.440001
PFE_Q1_2013,28.75,29.42
PFE_Q4_2012,25.530001,27.42
PFE_Q3_2012,24.799999,25.65
PFE_Q2_2012,22.85,23.91
PFE_Q1_2012,22.540001,23.02
PFE_Q4_2011,21.860001,21.73
PFE_Q3_2011,17.690001,19.58
PFE_Q2_2011,20.50,19.440001
PFE_Q1_2011,20.35,21.139999
PFE_Q4_2010,17.700001,18.190001
PFE_Q3_2010,17.25,17.629999
PFE_Q2_2010,14.29,15.16
PFE_Q4_2009,18.27,18.790001
PFE_Q3_2009,16.50,17.049999
PFE_Q2_2009,14.97,16.110001
PFE_Q3_2008,18.26,17.76
PFE_Q2_2008,17.43,18.809999
PFE_Q1_2008,21.049999,20.299999
PFE_Q4_2007,22.76,23.030001
PFE_Q3_2007,24.450001,24.559999
PFE_Q2_2007,25.700001,23.870001
PFE_Q1_2007,25.23,26.549999
PFE_Q3_2006,28.200001,26.940001
PFE_Q2_2006,23.540001,26.450001
PFE_Q1_2006,25.09,25.50
PFE_Q4_2005,23.65,26.02
PFE_Q3_2005,25.18,21.799999
PFE_Q2_2005,26.85,26.98
PFE_Q1_2005,26.370001,27.25
PFE_Q4_2004,27.309999,24.620001
PFE_Q3_2004,31.049999,28.950001
PFE_Q2_2004,34.209999,31.77
PFE_Q1_2004,35.700001,35.549999
PFE_Q3_2003,30.360001,31.00
PFE_Q3_2002,29.75,32.049999
PFE_Q1_2002,39.650002,36.599998
PG_Q4_2015,78.360001,81.209999
PG_Q3_2015,71.760002,76.57
PG_Q2_2015,78.389999,77.629997
PG_Q1_2015,82.440002,79.949997
PG_Q4_2014,90.839996,84.580002
PG_Q3_2014,84.019997,87.080002
PG_Q2_2014,78.870003,77.760002
PG_Q1_2014,80.599998,82.389999
PG_Q4_2013,81.330002,76.029999
PG_Q3_2013,75.519997,81.199997
PG_Q2_2013,77.019997,80.440002
PG_Q1_2013,76.849998,77.860001
PG_Q4_2012,68.650002,74.830002
PG_Q3_2012,69.330002,69.510002
PG_Q2_2012,61.040001,64.790001
PG_Q1_2012,67.43,63.580002
PG_Q4_2011,66.300003,63.419998
PG_Q3_2011,63.689999,64.550003
PG_Q2_2011,63.470001,62.16
PG_Q1_2011,61.880001,65.239998
PG_Q4_2010,64.389999,64.349998
PG_Q3_2010,60.09,63.880001
PG_Q2_2010,59.84,61.950001
PG_Q1_2010,63.470001,62.529999
PG_Q4_2009,61.110001,61.849998
PG_Q3_2009,57.630001,58.389999
PG_Q2_2009,51.470001,56.200001
PG_Q1_2009,46.75,50.23
PG_Q4_2008,61.689999,54.00
PG_Q3_2008,69.339996,62.959999
PG_Q3_2005,59.43,55.669998
PG_Q2_2005,53.00,55.799999
PG_Q1_2005,53.099998,54.150002
PG_Q4_2004,55.650002,54.50
PG_Q3_2004,54.349998,51.25
PG_Q2_2004,54.560001,52.759998
PG_Q1_2004,104.949997,106.599998
PG_Q4_2003,99.650002,100.809998
PG_Q2_2003,89.040001,88.949997
PG_Q3_2002,89.50,88.940002
PG_Q3_2002,89.50,88.940002
T_Q4_2015,34.080002,36.040001
T_Q3_2015,32.48,33.689999
T_Q2_2015,35.59,34.939999
T_Q1_2015,32.619999,34.700001
T_Q4_2014,33.59,33.310001
T_Q3_2014,35.09,34.759998
T_Q2_2014,35.23,36.049999
T_Q4_2013,35.240002,32.970001
T_Q2_2013,35.400002,35.43
T_Q1_2013,36.709999,37.369999
T_Q4_2012,34.389999,34.529999
T_Q3_2012,37.630001,34.75
T_Q4_2011,30.459999,29.540001
T_Q3_2011,28.639999,29.459999
T_Q2_2011,31.42,30.059999
T_Q1_2011,30.870001,31.60
T_Q4_2010,29.68,27.42
T_Q3_2010,28.85,28.83
T_Q1_2010,26.049999,26.209999
T_Q3_2009,27.00,25.90
T_Q2_2009,24.940001,26.34
T_Q3_2008,28.15,26.940001
T_Q1_2008,38.700001,38.59
T_Q4_2007,41.509998,36.810001
T_Q3_2007,42.419998,41.509998
T_Q2_2007,41.439999,39.790001
T_Q1_2007,39.720001,38.84
T_Q4_2006,35.669998,37.080002
T_Q3_2006,32.560001,34.099998
T_Q4_2005,24.49,26.059999
T_Q2_2002,30.549999,26.549999
V_Q4_2015,76.059998,74.080002
V_Q3_2015,70.089996,75.190002
V_Q2_2015,67.940002,76.449997
V_Q1_2015,65.449997,67.18
V_Q4_2014,263.380005,256.309998
V_Q3_2014,212.850006,237.289993
V_Q2_2014,211.949997,213.270004
V_Q1_2014,217.080002,202.259995
V_Q4_2013,221.539993,216.130005
V_Q3_2013,191.289993,197.050003
V_Q2_2013,183.899994,193.75
V_Q1_2013,169.75,168.589996
V_Q4_2012,154.160004,159.00
V_Q3_2012,134.869995,137.600006
V_Q2_2012,124.260002,130.429993
V_Q1_2012,118.00,124.110001
V_Q4_2011,103.400002,100.489998
V_Q3_2011,84.970001,94.279999
V_Q2_2011,84.099998,87.00
V_Q1_2011,73.989998,78.459999
V_Q3_2010,74.739998,78.580002
V_Q2_2010,71.00,70.980003
V_Q1_2010,91.68,93.279999
V_Q4_2009,88.00,82.290001
V_Q3_2009,68.769997,76.089996
V_Q2_2009,62.279999,66.940002
V_Q1_2009,54.75,64.139999
V_Q4_2008,52.919998,48.259998
V_Q3_2008,60.75,53.889999
V_Q2_2008,79.639999,76.220001
VZ_Q4_2015,45.669998,49.939999
VZ_Q3_2015,43.490002,47.02
VZ_Q2_2015,46.639999,46.849998
VZ_Q1_2015,48.450001,50.470001
VZ_Q4_2014,47.00,46.200001
VZ_Q3_2014,49.73,50.419998
VZ_Q2_2014,48.880001,51.259998
VZ_Q1_2014,47.540001,46.700001
VZ_Q4_2013,49.080002,47.099998
VZ_Q3_2013,46.619999,50.490002
VZ_Q2_2013,50.290001,50.27
VZ_Q1_2013,49.060001,53.509998
VZ_Q4_2012,44.490002,43.50
VZ_Q3_2012,45.639999,44.970001
VZ_Q2_2012,44.290001,44.900002
VZ_Q1_2012,38.290001,40.09
VZ_Q4_2011,40.279999,37.830002
VZ_Q3_2011,36.73,37.459999
VZ_Q2_2011,37.060001,36.349998
VZ_Q1_2011,38.580002,38.330002
VZ_Q4_2010,36.060001,35.639999
VZ_Q3_2010,32.779999,32.77
VZ_Q2_2010,28.00989,29.540001
VZ_Q1_2010,31.249876,29.199884
VZ_Q4_2006,37.629863,38.43986
VZ_Q3_2006,37.200074,37.360073
VZ_Q2_2006,33.630067,33.770066
VZ_Q1_2006,34.250067,33.050064
VZ_Q4_2005,30.20006,31.910064
VZ_Q3_2005,32.590065,31.950063
VZ_Q2_2005,34.550069,34.200067
VZ_Q1_2005,35.600072,36.050071
VZ_Q4_2004,40.80008,35.800071
VZ_Q3_2004,39.75008,39.400076
VZ_Q2_2004,36.500071,38.650075
VZ_Q4_2003,35.100069,36.750071
VZ_Q3_2002,27.520055,38.500074
VZ_Q2_2002,39.650077,30.85006
VZ_Q1_2002,45.52009,39.160078
VZ_Q4_2001,47.750094,46.300093
WFC_Q4_2015,53.09,50.119999
WFC_Q3_2015,51.509998,54.209999
WFC_Q2_2015,57.09,58.23
WFC_Q1_2015,54.419998,55.650002
WFC_Q4_2014,55.110001,52.189999
WFC_Q3_2014,51.84,53.040001
WFC_Q2_2014,52.73,51.860001
WFC_Q1_2014,49.880001,49.450001
WFC_Q4_2013,45.150002,45.41
WFC_Q3_2013,41.369999,43.040001
WFC_Q2_2013,41.560001,43.299999
WFC_Q1_2013,37.02,37.959999
WFC_Q4_2012,35.029999,34.860001
WFC_Q3_2012,34.779999,34.189999
WFC_Q2_2012,33.669998,33.82
WFC_Q1_2012,33.830002,33.75
WFC_Q4_2011,27.940001,29.50
WFC_Q3_2011,24.049999,26.370001
WFC_Q2_2011,28.08,28.370001
WFC_Q1_2011,32.09,29.34
WFC_Q4_2010,31.299999,31.98
WFC_Q3_2010,25.299999,26.030001
WFC_Q2_2010,25.540001,28.290001
WFC_Q1_2010,31.40,33.25
WFC_Q4_2009,27.02,28.60
WFC_Q3_2009,28.059999,27.860001
WFC_Q2_2009,24.25,24.90
WFC_Q1_2009,13.72,20.360001
WFC_Q4_2008,29.18,18.41
WFC_Q2_2008,23.469999,30.709999
WFC_Q1_2008,30.33,29.889999
WFC_Q4_2007,30.48,32.209999
WFC_Q3_2007,35.200001,34.48
WFC_Q2_2007,35.419998,34.720001
WFC_Q1_2007,34.419998,36.150002
WFC_Q4_2006,35.93,35.48
WFC_Q3_2006,36.32,36.490002
WFC_Q2_2006,67.110001,71.959999
WFC_Q1_2006,63.98,68.849998
WFC_Q4_2005,63.200001,62.25
WFC_Q3_2005,58.50,60.650002
WFC_Q2_2005,61.799999,61.450001
WFC_Q1_2005,60.150002,60.080002
WFC_Q4_2004,62.23,61.060001
WFC_Q3_2004,59.669998,59.93
WFC_Q2_2004,57.169998,57.349998
WFC_Q1_2004,56.720001,56.599998
WFC_Q4_2003,58.50,57.639999
WFC_Q3_2003,51.68,55.299999
WFC_Q2_2003,50.400002,51.779999
WFC_Q3_2002,48.25,50.98
XOM_Q4_2015,77.50,76.660004
XOM_Q3_2015,75.199997,82.300003
XOM_Q2_2015,83.279999,81.669998
XOM_Q1_2015,85.699997,88.669998
XOM_Q4_2014,92.25,87.849998
XOM_Q3_2014,94.110001,94.989998
XOM_Q2_2014,101.150002,101.980003
XOM_Q1_2014,97.650002,101.129997
XOM_Q4_2013,100.599998,92.849998
XOM_Q3_2013,85.989998,89.449997
XOM_Q2_2013,90.389999,93.93
XOM_Q1_2013,90.129997,88.260002
XOM_Q4_2012,87.790001,90.690002
XOM_Q2_2012,85.440002,87.370003
XOM_Q1_2012,86.599998,85.959999
XOM_Q4_2011,85.970001,84.919998
XOM_Q3_2011,72.050003,80.589996
XOM_Q2_2011,81.190002,80.82
XOM_Q1_2011,84.720001,88.099998
XOM_Q2_2010,56.98,60.639999
XOM_Q1_2009,67.040001,68.639999
XOM_Q4_2008,80.059998,76.059998
XOM_Q2_2008,87.870003,81.82
XOM_Q1_2008,84.800003,92.25
XOM_Q4_2007,94.150002,84.220001
XOM_Q3_2007,92.449997,91.459999
XOM_Q2_2006,61.799999,67.43
XOM_Q3_2003,36.919998,36.450001
XOM_Q1_2003,35.25,34.720001
XOM_Q4_2002,35.00,33.23
XOM_Q3_2002,32.18,34.32
XOM_Q2_2002,40.77,35.52
XOM_Q2_2002,40.77,35.52
XOM_Q4_2001,39.299999,38.509998
